Features,Importance
Make,74.8362618214746
Fuel Consumption City (L/100 km),15.853406567341027
Transmission,5.218756303768003
Vehicle Class,1.4347939515955046
Fuel Type,1.3631505037994631
Model,1.293630852021407
