Model,R2_train,R2_test,RMSE_train,RMSE_test,MAE_train,MAE_test,MAPE_train,MAPE_test,train_time,test_time
CatBoostRegressor,0.9989949478156936,0.9942055850176619,218.31062236944183,551.6145647805944,129.42167821349148,265.10255040355065,1.091746505689157,1.7023552781730105,4.240109205245972,0.007216930389404297
ExtraTreesRegressor,1.0,0.9924721546562183,1.1239534776193221e-11,628.7330226940725,4.9474745550393e-12,246.78053450000036,1.2062919708621778e-15,0.15470593878226946,2.3477694988250732,0.04182910919189453
LGBMRegressor,0.9970283584760893,0.9920655382994858,375.3866045373943,645.4902121247577,156.7549110921484,299.97648216803987,0.9049999343934453,1.463458558258084,0.19562697410583496,0.010638236999511719
XGBRegressor,0.9998620309347468,0.9903494228184506,80.88563938044827,711.8812778816824,51.88215441677571,308.77777183084964,0.3757400766248956,1.2320786498749519,0.8788764476776123,0.0025625228881835938
RandomForestRegressor,0.9985206679829601,0.9901755057078228,264.85817988298555,718.267191511101,98.79635517500012,280.44392420000014,0.055802411639865684,0.13515499789975974,5.097018718719482,0.04371976852416992
DecisionTreeRegressor,1.0,0.969848580986004,0.0,1258.301763388894,0.0,464.64218000000005,0.0,0.13807284815146498,0.09887170791625977,0.0007088184356689453
LinearRegression,0.6381483147328256,0.6396463639388845,4142.34113603274,4350.061344812717,2810.1896142726446,2885.3115090717606,66.38543096390099,90.3648245953605,0.11643409729003906,0.0003170967102050781
LinearSVR,-0.003935061639944504,-0.018780789792580688,6899.750280585896,7314.275269719987,3544.237683173601,3793.7182412721254,10.531399379786652,14.79200099540483,0.012897014617919922,0.00936269760131836
